{
    "Colors": {
        "Border": [
            0.3490196168422699,
            0.3843137323856354,
            0.42352941632270813,
            0.3921568691730499
        ],
        "Button": [
            0.1551695168018341,
            0.17102381587028503,
            0.19480520486831665,
            1.0
        ],
        "ButtonActive": [
            0.45021647214889526,
            0.44402554631233215,
            0.4268285930156708,
            1.0
        ],
        "ButtonHovered": [
            0.32900434732437134,
            0.3244326412677765,
            0.3119131922721863,
            1.0
        ],
        "CheckMark": [
            0.9607843160629272,
            0.6392157077789307,
            0.007843137718737125,
            1.0
        ],
        "ChildBack": [
            0.05882352963089943,
            0.06666667014360428,
            0.0784313753247261,
            1.0
        ],
        "FrameBack": [
            0.12106221169233322,
            0.13151179254055023,
            0.14718616008758545,
            1.0
        ],
        "FrameBackActive": [
            0.3490196168422699,
            0.3843137323856354,
            0.42352941632270813,
            1.0
        ],
        "FrameBackHovered": [
            0.23137255012989044,
            0.250980406999588,
            0.27450981736183167,
            1.0
        ],
        "Header": [
            0.05882352963089943,
            0.06666667014360428,
            0.0784313753247261,
            1.0
        ],
        "HeaderActive": [
            0.05882352963089943,
            0.06666667014360428,
            0.0784313753247261,
            1.0
        ],
        "HeaderHovered": [
            0.05882352963089943,
            0.06666667014360428,
            0.0784313753247261,
            1.0
        ],
        "MenuBar": [
            0.019607843831181526,
            0.019607843831181526,
            0.019607843831181526,
            0.0
        ],
        "MenuBarBack": [
            0.0,
            0.0,
            0.0,
            0.0
        ],
        "PopupBack": [
            0.05882352963089943,
            0.06666667014360428,
            0.0784313753247261,
            1.0
        ],
        "ResizeGrip": [
            0.9607843160629272,
            0.6392157077789307,
            0.007843137718737125,
            1.0
        ],
        "ResizeGripActive": [
            0.9960784316062927,
            0.8196078538894653,
            0.3294117748737335,
            1.0
        ],
        "ResizeGripHovered": [
            0.95686274766922,
            0.7019608020782471,
            0.003921568859368563,
            1.0
        ],
        "ScrollbarBack": [
            0.019607843831181526,
            0.019607843831181526,
            0.019607843831181526,
            0.0
        ],
        "ScrollbarGrab": [
            0.9607843160629272,
            0.6392157077789307,
            0.007843137718737125,
            1.0
        ],
        "ScrollbarGrabActive": [
            0.9960784316062927,
            0.8196078538894653,
            0.3294117748737335,
            1.0
        ],
        "ScrollbarGrabHovered": [
            0.95686274766922,
            0.7019608020782471,
            0.003921568859368563,
            1.0
        ],
        "Separator": [
            0.11764705926179886,
            0.13725490868091583,
            0.16078431904315948,
            1.0
        ],
        "SeparatorActive": [
            0.9960784316062927,
            0.8196078538894653,
            0.3294117748737335,
            1.0
        ],
        "SeparatorHovered": [
            0.95686274766922,
            0.7019608020782471,
            0.003921568859368563,
            1.0
        ],
        "SliderGrab": [
            0.9607843160629272,
            0.6392157077789307,
            0.007843137718737125,
            1.0
        ],
        "SliderGrabActive": [
            0.95686274766922,
            0.7019608020782471,
            0.003921568859368563,
            1.0
        ],
        "Tab": [
            0.05882352963089943,
            0.06666667014360428,
            0.0784313753247261,
            1.0
        ],
        "TabActive": [
            0.4675324559211731,
            0.4643179476261139,
            0.45538875460624695,
            1.0
        ],
        "TabDimOverline": [
            0,
            0,
            0,
            0
        ],
        "TabHovered": [
            0.3246753215789795,
            0.32129165530204773,
            0.31202563643455505,
            1.0
        ],
        "TabSelectedOverline": [
            0,
            0,
            0,
            0
        ],
        "TabUnfocused": [
            0.22510820627212524,
            0.22313514351844788,
            0.21926124393939972,
            1.0
        ],
        "TabUnfocusedActive": [
            0.39393937587738037,
            0.39393937587738037,
            0.39393937587738037,
            1.0
        ],
        "TextActive": [
            0.8705882430076599,
            0.8705882430076599,
            0.8705882430076599,
            1.0
        ],
        "TextDisabled": [
            0.5,
            0.5,
            0.5,
            1.0
        ],
        "TitleBack": [
            0.03999999910593033,
            0.03999999910593033,
            0.03999999910593033,
            0
        ],
        "TitleBackActive": [
            0.05882352963089943,
            0.06666667014360428,
            0.0784313753247261,
            1.0
        ],
        "TitleBackCollapsed": [
            0,
            0,
            0,
            0
        ],
        "WindowBack": [
            0.05882352963089943,
            0.06666667014360428,
            0.0784313753247261,
            1.0
        ]
    },
    "Frame": {
        "FrameRounding": 3.0,
        "ScrollbarRounding": 9.0,
        "TabRounding": 4.0,
        "WindowRounding": 3.0
    }
}